{
  "n": 1267,
  "accuracy": 0.5682715074980268,
  "macro_f1": 0.5656730495053848,
  "precision_pos": 0.6835164835164835,
  "recall_pos": 0.43557422969187676,
  "confusion_matrix": {
    "tn": 409,
    "fp": 144,
    "fn": 403,
    "tp": 311
  },
  "mean_confidence": 0.737263819813281,
  "mean_conf_correct": 0.7516678956792685,
  "mean_conf_wrong": 0.7183041587099704,
  "prompt_id": "standard",
  "use_subjects": false,
  "base_model": "meta-llama/Llama-3.1-8B-Instruct",
  "adapter_dir": "adapters/llama_synthetic_nosubj/best_adapter",
  "test_csv": "../1_Basics_Masterthesis/LIAR/preprocessed_test_cleaned_binary.csv"
}