{
  "n": 226,
  "accuracy": 0.8628318584070797,
  "macro_f1": 0.8598435593254246,
  "precision_pos": 0.8804347826086957,
  "recall_pos": 0.801980198019802,
  "confusion_matrix": {
    "tn": 114,
    "fp": 11,
    "fn": 20,
    "tp": 81
  },
  "mean_confidence": 0.9028078413394637,
  "mean_conf_correct": 0.9143996362016982,
  "mean_conf_wrong": 0.8298917123673429,
  "prompt_id": "standard",
  "use_subjects": false,
  "base_model": "google/gemma-7b-it",
  "adapter_dir": "adapters/gemma_synthetic_nosubj/best_adapter",
  "test_csv": "synthetic_test.csv"
}