{
  "n": 83,
  "accuracy": 0.5662650602409639,
  "macro_f1": 0.5656976744186046,
  "precision_pos": 0.5681818181818182,
  "recall_pos": 0.5952380952380952,
  "confusion_matrix": {
    "tn": 22,
    "fp": 19,
    "fn": 17,
    "tp": 25
  },
  "mean_confidence": 0.7798480630601546,
  "mean_conf_correct": 0.8001202301885605,
  "mean_conf_wrong": 0.7533816226425136,
  "prompt_id": "standard",
  "use_subjects": true,
  "base_model": "meta-llama/Llama-3.1-8B-Instruct",
  "adapter_dir": "adapters/llama_taxes_nosubj/best_adapter",
  "test_csv": "LIAR/preprocessed_test_cleaned_binary_healthcare.csv"
}