{
  "n": 226,
  "accuracy": 0.8672566371681416,
  "macro_f1": 0.8662088562633199,
  "precision_pos": 0.8380952380952381,
  "recall_pos": 0.8712871287128713,
  "confusion_matrix": {
    "tn": 108,
    "fp": 17,
    "fn": 13,
    "tp": 88
  },
  "mean_confidence": 0.8932734158765897,
  "mean_conf_correct": 0.9092808959535638,
  "mean_conf_wrong": 0.7886912127070266,
  "prompt_id": "standard",
  "use_subjects": false,
  "base_model": "deepseek-ai/deepseek-llm-7b-base",
  "adapter_dir": "adapters/deepseek_synthetic_nosubj/best_adapter",
  "test_csv": "synthetic_test.csv"
}