{
  "n": 226,
  "accuracy": 0.8141592920353983,
  "macro_f1": 0.8141010575793185,
  "precision_pos": 0.743801652892562,
  "recall_pos": 0.8910891089108911,
  "confusion_matrix": {
    "tn": 94,
    "fp": 31,
    "fn": 11,
    "tp": 90
  },
  "mean_confidence": 0.6996176609190949,
  "mean_conf_correct": 0.7162526299818914,
  "mean_conf_wrong": 0.6267406535963674,
  "prompt_id": "standard",
  "use_subjects": true,
  "base_model": "google/gemma-7b-it",
  "adapter_dir": "adapters/gemma_general_withsubj/best_adapter",
  "test_csv": "synthetic_test.csv"
}