{
  "n": 83,
  "accuracy": 0.6385542168674698,
  "macro_f1": 0.6372377622377623,
  "precision_pos": 0.6304347826086957,
  "recall_pos": 0.6904761904761905,
  "confusion_matrix": {
    "tn": 24,
    "fp": 17,
    "fn": 13,
    "tp": 29
  },
  "mean_confidence": 0.7080811963416554,
  "mean_conf_correct": 0.7308049127478867,
  "mean_conf_wrong": 0.6679359640239796,
  "prompt_id": "standard",
  "use_subjects": true,
  "base_model": "meta-llama/Llama-3.1-8B-Instruct",
  "adapter_dir": "adapters/llama_healthcare_withsubj/best_adapter",
  "test_csv": "LIAR/preprocessed_test_cleaned_binary_healthcare.csv"
}