{
  "n": 226,
  "accuracy": 0.8230088495575221,
  "macro_f1": 0.8218789407313998,
  "precision_pos": 0.7850467289719626,
  "recall_pos": 0.8316831683168316,
  "confusion_matrix": {
    "tn": 102,
    "fp": 23,
    "fn": 17,
    "tp": 84
  },
  "mean_confidence": 0.6796341791725721,
  "mean_conf_correct": 0.6912312957891328,
  "mean_conf_wrong": 0.6257075869055647,
  "prompt_id": "standard",
  "use_subjects": false,
  "base_model": "deepseek-ai/deepseek-llm-7b-base",
  "adapter_dir": "adapters/deepseek_general_nosubj/best_adapter",
  "test_csv": "synthetic_test.csv"
}