{
  "n": 1267,
  "accuracy": 0.47277032359905286,
  "macro_f1": 0.39704834692609753,
  "precision_pos": 0.7211538461538461,
  "recall_pos": 0.10504201680672269,
  "confusion_matrix": {
    "tn": 524,
    "fp": 29,
    "fn": 639,
    "tp": 75
  },
  "mean_confidence": 0.6097859720176994,
  "mean_conf_correct": 0.616374893443599,
  "mean_conf_wrong": 0.6038776427750135,
  "prompt_id": "standard",
  "use_subjects": true,
  "base_model": "deepseek-ai/deepseek-llm-7b-base",
  "adapter_dir": "adapters/deepseek_taxes_withsubj/best_adapter",
  "test_csv": "../1_Basics_Masterthesis/LIAR/preprocessed_test_cleaned_binary.csv"
}