{
  "n": 226,
  "accuracy": 0.8761061946902655,
  "macro_f1": 0.8746930693069307,
  "precision_pos": 0.8613861386138614,
  "recall_pos": 0.8613861386138614,
  "confusion_matrix": {
    "tn": 111,
    "fp": 14,
    "fn": 14,
    "tp": 87
  },
  "mean_confidence": 0.8909061067954508,
  "mean_conf_correct": 0.9046343364467386,
  "mean_conf_wrong": 0.793827911404201,
  "prompt_id": "standard",
  "use_subjects": true,
  "base_model": "deepseek-ai/deepseek-llm-7b-base",
  "adapter_dir": "adapters/deepseek_synthetic_withsubj/best_adapter",
  "test_csv": "synthetic_test.csv"
}