{
  "n": 1267,
  "accuracy": 0.6037884767166535,
  "macro_f1": 0.602540356244782,
  "precision_pos": 0.6698717948717948,
  "recall_pos": 0.5854341736694678,
  "confusion_matrix": {
    "tn": 347,
    "fp": 206,
    "fn": 296,
    "tp": 418
  },
  "mean_confidence": 0.6413683139349443,
  "mean_conf_correct": 0.6488468771612778,
  "mean_conf_wrong": 0.6299716986597548,
  "prompt_id": "standard",
  "use_subjects": true,
  "base_model": "deepseek-ai/deepseek-llm-7b-base",
  "adapter_dir": "adapters/deepseek_healthcare_withsubj/best_adapter",
  "test_csv": "../1_Basics_Masterthesis/LIAR/preprocessed_test_cleaned_binary.csv"
}