{
  "n": 1267,
  "accuracy": 0.6085240726124704,
  "macro_f1": 0.5971383147853736,
  "precision_pos": 0.6422976501305483,
  "recall_pos": 0.6890756302521008,
  "confusion_matrix": {
    "tn": 279,
    "fp": 274,
    "fn": 222,
    "tp": 492
  },
  "mean_confidence": 0.7740286467756696,
  "mean_conf_correct": 0.7865270138379366,
  "mean_conf_wrong": 0.7546007415236381,
  "prompt_id": "standard",
  "use_subjects": true,
  "base_model": "meta-llama/Llama-3.1-8B-Instruct",
  "adapter_dir": "adapters/llama_taxes_withsubj/best_adapter",
  "test_csv": "../1_Basics_Masterthesis/LIAR/preprocessed_test_cleaned_binary.csv"
}