{
  "n": 60,
  "accuracy": 0.6166666666666667,
  "macro_f1": 0.6113770768797522,
  "precision_pos": 0.5789473684210527,
  "recall_pos": 0.7586206896551724,
  "confusion_matrix": {
    "tn": 15,
    "fp": 16,
    "fn": 7,
    "tp": 22
  },
  "mean_confidence": 0.6611676085757754,
  "mean_conf_correct": 0.6639271499282868,
  "mean_conf_wrong": 0.6567283463999964,
  "prompt_id": "standard",
  "use_subjects": false,
  "base_model": "meta-llama/Llama-3.1-8B-Instruct",
  "adapter_dir": "adapters/llama_healthcare_nosubj/best_adapter",
  "test_csv": "LIAR/preprocessed_test_cleaned_binary_taxes.csv"
}