{
  "n": 60,
  "accuracy": 0.6333333333333333,
  "macro_f1": 0.6180555555555556,
  "precision_pos": 0.6842105263157895,
  "recall_pos": 0.4482758620689655,
  "confusion_matrix": {
    "tn": 25,
    "fp": 6,
    "fn": 16,
    "tp": 13
  },
  "mean_confidence": 0.6489593576163365,
  "mean_conf_correct": 0.6647237379693023,
  "mean_conf_wrong": 0.6217299733703051,
  "prompt_id": "standard",
  "use_subjects": true,
  "base_model": "deepseek-ai/deepseek-llm-7b-base",
  "adapter_dir": "adapters/deepseek_healthcare_withsubj/best_adapter",
  "test_csv": "LIAR/preprocessed_test_cleaned_binary_taxes.csv"
}