{
  "n": 1267,
  "accuracy": 0.6393054459352802,
  "macro_f1": 0.6210621038543722,
  "precision_pos": 0.6546329723225031,
  "recall_pos": 0.7619047619047619,
  "confusion_matrix": {
    "tn": 266,
    "fp": 287,
    "fn": 170,
    "tp": 544
  },
  "mean_confidence": 0.7039197893235719,
  "mean_conf_correct": 0.7220770863524898,
  "mean_conf_wrong": 0.671737271613674,
  "prompt_id": "standard",
  "use_subjects": true,
  "base_model": "meta-llama/Llama-3.1-8B-Instruct",
  "adapter_dir": "adapters/llama_healthcare_withsubj/best_adapter",
  "test_csv": "../1_Basics_Masterthesis/LIAR/preprocessed_test_cleaned_binary.csv"
}