{
  "n": 226,
  "accuracy": 0.7256637168141593,
  "macro_f1": 0.721984126984127,
  "precision_pos": 0.6291390728476821,
  "recall_pos": 0.9405940594059405,
  "confusion_matrix": {
    "tn": 69,
    "fp": 56,
    "fn": 6,
    "tp": 95
  },
  "mean_confidence": 0.7877824633250775,
  "mean_conf_correct": 0.8156991493665994,
  "mean_conf_wrong": 0.7139383260539556,
  "prompt_id": "standard",
  "use_subjects": true,
  "base_model": "meta-llama/Llama-3.1-8B-Instruct",
  "adapter_dir": "adapters/llama_general_withsubj/best_adapter",
  "test_csv": "synthetic_test.csv"
}