{
  "n": 1267,
  "accuracy": 0.5982636148382005,
  "macro_f1": 0.5869154855690119,
  "precision_pos": 0.6343381389252949,
  "recall_pos": 0.6778711484593838,
  "confusion_matrix": {
    "tn": 274,
    "fp": 279,
    "fn": 230,
    "tp": 484
  },
  "mean_confidence": 0.7772348065012292,
  "mean_conf_correct": 0.7924059046624419,
  "mean_conf_wrong": 0.7546420905754941,
  "prompt_id": "standard",
  "use_subjects": false,
  "base_model": "meta-llama/Llama-3.1-8B-Instruct",
  "adapter_dir": "adapters/llama_taxes_nosubj/best_adapter",
  "test_csv": "../1_Basics_Masterthesis/LIAR/preprocessed_test_cleaned_binary.csv"
}