{
  "n": 60,
  "accuracy": 0.5833333333333334,
  "macro_f1": 0.5628096764791606,
  "precision_pos": 0.5454545454545454,
  "recall_pos": 0.8275862068965517,
  "confusion_matrix": {
    "tn": 11,
    "fp": 20,
    "fn": 5,
    "tp": 24
  },
  "mean_confidence": 0.777763473170592,
  "mean_conf_correct": 0.8029855424123048,
  "mean_conf_wrong": 0.7424525762321943,
  "prompt_id": "standard",
  "use_subjects": false,
  "base_model": "google/gemma-7b-it",
  "adapter_dir": "adapters/gemma_healthcare_nosubj/best_adapter",
  "test_csv": "LIAR/preprocessed_test_cleaned_binary_taxes.csv"
}