{
  "n": 1267,
  "accuracy": 0.6495659037095501,
  "macro_f1": 0.6420995037536582,
  "precision_pos": 0.6834239130434783,
  "recall_pos": 0.7044817927170869,
  "confusion_matrix": {
    "tn": 320,
    "fp": 233,
    "fn": 211,
    "tp": 503
  },
  "mean_confidence": 0.684832935110852,
  "mean_conf_correct": 0.6973250140083435,
  "mean_conf_wrong": 0.661677572649961,
  "prompt_id": "standard",
  "use_subjects": false,
  "base_model": "meta-llama/Llama-3.1-8B-Instruct",
  "adapter_dir": "adapters/llama_healthcare_nosubj/best_adapter",
  "test_csv": "../1_Basics_Masterthesis/LIAR/preprocessed_test_cleaned_binary.csv"
}