{
  "n": 226,
  "accuracy": 0.8141592920353983,
  "macro_f1": 0.8137947269303202,
  "precision_pos": 0.7565217391304347,
  "recall_pos": 0.8613861386138614,
  "confusion_matrix": {
    "tn": 97,
    "fp": 28,
    "fn": 14,
    "tp": 87
  },
  "mean_confidence": 0.6702810336604114,
  "mean_conf_correct": 0.6841362725728866,
  "mean_conf_wrong": 0.6095818917581391,
  "prompt_id": "standard",
  "use_subjects": true,
  "base_model": "deepseek-ai/deepseek-llm-7b-base",
  "adapter_dir": "adapters/deepseek_general_withsubj/best_adapter",
  "test_csv": "synthetic_test.csv"
}