{
  "n": 60,
  "accuracy": 0.6166666666666667,
  "macro_f1": 0.6157059314954052,
  "precision_pos": 0.5882352941176471,
  "recall_pos": 0.6896551724137931,
  "confusion_matrix": {
    "tn": 17,
    "fp": 14,
    "fn": 9,
    "tp": 20
  },
  "mean_confidence": 0.7445515803090744,
  "mean_conf_correct": 0.747347457674112,
  "mean_conf_wrong": 0.7400538645479269,
  "prompt_id": "standard",
  "use_subjects": true,
  "base_model": "meta-llama/Llama-3.1-8B-Instruct",
  "adapter_dir": "adapters/llama_taxes_withsubj/best_adapter",
  "test_csv": "LIAR/preprocessed_test_cleaned_binary_taxes.csv"
}