model,model_short,mode,accuracy,macro_f1,n,tn,fp,fn,tp,mean_confidence,mean_conf_correct,mean_conf_wrong
google/gemma-7b-it,gemma-7b-it,no_subjects,0.6037884767166535,0.601152582336268,1267,331,222,280,434,0.9871627458363136,0.9890974057266135,0.9842145091508964
google/gemma-7b-it,gemma-7b-it,with_subjects,0.6037884767166535,0.5966114637400997,1267,298,255,247,467,0.9907827761197711,0.9930501302083333,0.9873275452875996
meta-llama/Llama-3.1-8B-Instruct,Llama-3.1-8B-Instruct,with_subjects,0.5059194948697711,0.47552675987790494,1267,473,80,546,168,0.9438566284661417,0.9507373922886603,0.9368109901111347
meta-llama/Llama-3.1-8B-Instruct,Llama-3.1-8B-Instruct,no_subjects,0.49171270718232046,0.44946049087503576,1267,487,66,578,136,0.9330465110531923,0.9489992732603707,0.9176139476136391
