model,model_short,mode,accuracy,macro_f1,n,tn,fp,fn,tp,mean_confidence,mean_conf_correct,mean_conf_wrong
google/gemma-7b-it,gemma-7b-it,with_subjects,0.6069455406471981,0.606256552343867,1267,358,195,303,411,0.9378641005403114,0.9445711021038702,0.9275073049532107
google/gemma-7b-it,gemma-7b-it,no_subjects,0.606156274664562,0.6052109188888786,1267,353,200,299,415,0.9390597723726353,0.944716629670424,0.9303534268722343
meta-llama/Llama-3.1-8B-Instruct,Llama-3.1-8B-Instruct,with_subjects,0.4498816101026046,0.3404949691307085,1267,543,10,687,27,0.9779389440516525,0.9802495835059309,0.976049324985743
meta-llama/Llama-3.1-8B-Instruct,Llama-3.1-8B-Instruct,no_subjects,0.4498816101026046,0.33947485536270583,1267,544,9,688,26,0.9772549488868764,0.9789893246273399,0.9758365928293952
